id,sequence,label,smiles
1,RRRRRRRGGIYLATALAKWALKQGF,1,
2,IYLATALAKWALKQGFGGRRRRRRR,1,
3,RRRRRRRGGKLAKLAKKLAKLAK,1,
4,KKALLAHALHLLALLALHLAHALKKA,1,
5,GALFLGFLGAAGSTMGAWSQPKSKRKV,1,
6,KAFAKLAARLYRKALARQLGVAA,1,
7,GSRVQIRCRFRNSTR,1,
8,KLAKLAKKLAKLAKGRKKRRQRRRP,1,
9,KLAKLAKKLAKLAKNYRWRCKNQN,1,
10,NHQQQNPHQPPMLLIILRRRIRKQAHAHSK,1,
11,CLLIILRRRIRKQAHAHSKNHQQQNPHQPPM,1,
12,YKALRISRKLAK,1,
13,EEEEEEEEEEPLGLAGVSRRRRRRGGRRRR,1,
14,HHHHHHESGGGGSPGRRRRRRRRRRR,1,
15,ARRRAARAARRRAARAARRRAARAARRRAARA,1,
16,ARRARAARRARAARRARAARRARAARRARA,1,
17,AKKAKAAKKAKAAKKAKAAKKAKAAKKAKA,1,
18,RARARARARARARARARARARARARARARARA,1,
19,YTFGLKTSFNVQYTFGLKTSFNVQ,1,
20,RQIKIWFQNRRMKWKKRQIKIWFQNRRMKWK,1,
21,LSTAADMQGVVTDGMASGLDKDYLKPDD,1,
22,AGYLLGHINLHHLAHLHHILC,1,
23,AGYLLGKINLKKLAKLLLIL,1,
24,KWFKIQMQIRRWKNKR,1,
25,TAMRAVDKLLLHLKKLFREGQFNRNFESIIICRDRT,1,
26,HHHHHHHHHHHHHHHHHHHHRRRRRRRRRRRRRRR,1,
27,CIGAVLKVLTTGLPALISWIKRKRQQ,1,
28,GKKALKLAAKLLKKC,1,
29,RRRRRRRQIKILFQNRRMKWKKGGC,1,
30,GLFKALLKLLKSLWKLLLKAGGC,1,
31,KWFETWFTEWPKKRKGGC,1,
32,LIRLWSHLIHIWFQNRRLKWKKKGGC,1,
33,WEAKLAKALAKALAKHLAKALAKALKACEA,1,
34,CGGMVTVLFRRLRIRRASGPPRVRV,1,
35,PKKKRKVWKLLQQFFGLM,1,
36,GWTLNSAGYLLGKINLKALAALAKKIL,1,
37,CSSLDEPGRGGFSSESKV,1,
38,KCFQWQRNMRKVRGPPVSCIKR,1,
39,GRGDSPRRSPRR,1,
40,GRGDSPRRKKKKSPRRKKKKSPRR,1,
41,LLKLLKKLLKLLKKLLKLL,1,
42,WLKLLKKWLKLWKKLLKLW,1,
43,FLKLLKKFLKLFKKLLKLF,1,
44,KALKLKLALALLAKLKLA,1,
45,RRWRRWWRRWWRRWRR,1,
46,IPLVVPLRRRRRRRRC,1,
47,KFLNRFWHWLQLKPGQPMY,1,
48,DAATARGRGRSAASRPTERPRAPARSASRPRRPVD,1,
49,LGTYTQDFNKFHTFPQTAIGVGAP,1,
50,KETWWETWWTEWSQPKKKRKV,1,
51,GLFRALLRLLRSLWRLLLRA,1,
52,YARVRRRGPRR,1,
53,CRQIKIWFQNRRMKWKKKLAKLAKKLAKLAK,1,
54,CRRLRHLRHHYRRRWHRFRC,1,
55,CLLYWFRRRHRHHRRRHRRC,1,
56,ISFDELLDYYGESGS,1,
57,ISFR8ELLDYYS5ESGS,1,
58,ISFR8EWLQAYS5EDE,1,
59,PKKKRKVAGYLLGKINLKALAALAKKILPQMQQNVFQYPGAGMVPQGEANF,1,
60,PKKKRKVRRRRRRRYSQTSHKLVQLLTTAEQQ,1,
61,PKKKRKVRRRRRRRPQMQQNVFQYPGAGMVPQGEANF,1,
62,YGRKKRRQRRRDPYHATSGALSPAKDCGSQKYAYFNGCSSPTLSPMSP,1,
63,YGRKKRRQRRRAYFNGCSSPTAPLSPMSP,1,
64,CGGKDCERRFSRSDQLKRHQRRHTGVKPFQ,1,
65,GGGGRRRRRRRRRLLLL,1,
66,YARAAARQARAKALARQLGVAA,1,
67,RIMRILRILKLAR,1,
68,RKKRRQRRRGGGKLLKLLLKLLLKLLK,1,
69,GALFLAFLAAALSLMGLWSQPKKKRKV,1,
70,KLFMALVAFLRFLTIPPTAGILKRWGTI,1,
71,LKRWGTIKKSKAINVLRGFRKEIGRMLNILNRRRR,1,
72,CELAGIGILTVRKKRRQRRR,1,
73,CELAGIGILTVKKKKKQKKK,1,
74,CREKAKKLFKKILKKL,1,
75,ACSGRGSGCGSGRGSCG,1,
76,ACRGSGRGCGRGSGRCG,1,
77,ACRGRGRGCGRGRGRCG,1,
78,ACRGRRRGCGRRRGRCG,1,
79,ACRRSRRGCGRRSRRCG,1,
80,ACRDRFRRCPADERLCG,1,
81,ACRGRGRGCGSGSRSCG,1,
82,ACRGRGRRCGSGRRSCG,1,
83,ARRRRCSGSGSGCGSGSGSCGRRRR,1,
84,ARRRRCSDRFRNCPADEALCGRRRR,1,
85,ACSHSGHGCGHGSHSCGRRRRRRRR,1,
86,ACHGRRWGCGRHRGRCG,1,
87,HEHEHEHEHEHEHEHEHEHEHEHEEFGGGGGYGRGRGRGRGRGRG,1,
88,WELVVLGKLYGRKKRRQRRR,1,
89,GLKKLARLFHKLLKLGC,1,
90,RLRLRLRLRLRLRLRLKRLKRLKRLKRLKKKKKKKGYK,1,
91,RLRLRLRLRLRLRLRLKNNKNNKNNKNNKKKKKKKGYK,1,
92,GYGYGYGYGYGYGYGYKKRKKRKKRKKRKQQKQQKRRK,1,
93,ALALALALALALALALKIKKIKKIKKIKKLAKLAKKIK,1,
94,LALALALALALALALAKKLKKLKKLKKLKKLKKLKYAK,1,
95,IKIKIKIKIKIKIKIKKLAKLAKLAKLAKLAKLAKKIK,1,
96,LALALALALALALAKLAKLAKLAKLAKIKKIKKKIK,1,
97,LILILILILILILILIKRKKRKKRKKRKKRAKRAKHSK,1,
98,LKKLCKLLKKLCKLAG,1,
99,VTPHHVLVDEYTGEWVDSQFK,1,
100,HEHEHEHEHEPEGPLA,1,
101,RGRGRGRGRGPEGPLA,1,
102,mPEGPLAHEHEHEHEHE,1,
103,mPEGPLARGRGRGRGRG,1,
104,GGVCPKILKKCRRDSDCPGACICRGNGYCGSGSD,1,
105,GRCTKSIPPICFPD,1,
106,GRCTRSIPPKCWPD,1,
107,WEARLARALARALARHLARALARALRACEA,1,
108,HSDAVFTDNYTALRKQMAVKKYLNSILNYGRKKRRQRRR,1,
109,KSTGKANKITITNDKGRLSK,1,
110,KWCFRVCYRGICYRRCRGK,1,
111,KWSFRVSYRGISYRRSRGK,1,
112,KWFRVYRGIYRRRGK,1,
113,KWCFAVCYAGICYAACAGK,1,
114,CTSTTAKRKKRKLK,1,
115,HILPWKWPWWPWRR,1,
116,MRRIRPRPPRLPRPRPRPLPFPRPGGCYPG,1,
117,RGGRLSYSRRRFSTSTGRA,1,
118,YGDCLPHLKLCKENKDCCSKKCKRRGTNIEKRCR,1,
119,KHKHKHKHKHKHKHKHKHKKLFKKILKYL,1,
120,RRRQRRKKRGYCKCKYGRKKRRQRRR,1,
121,RQIKIQFQNRRKWKK,1,
122,APWHLSSQYSRT,1,
123,GNYAHRVGAGAPVWL,1,
124,TVDNPASTTNKDKLFAVRK,1,
125,KIAKLKAKIQKLKQKIAKLK,1,
126,GGAYVTRSSAVRLRSSVPGVRLLQ,1,
127,LLIILRRRIRRRARARSR,1,
128,LLHILRRSIRKQAHAIRK,1,
129,LLRILRRSIRRARRAIRR,1,
130,LLRHLRRHIRRARRHIRR,1,
131,MAMPGEPRRANVMAHKLEPASLQLRNSCA,1,
132,MAPQRDTVGGRTTPPSWGPAKAQLRNSCA,1,
133,CGRKKRWWRQRWWRWWRPPQ,1,
134,CGRKKRAARQRAARAARPPQ,1,
135,CGRKKRLLRQRLLRLLRPPQ,1,
136,YKQCHKKGGHCFPKEKICLPPSSDFGKMDCRWRWKCCKKGSG,1,
137,LIKKALAALAKLNI,1,
138,CRKARYRGRKRQR,1,
139,CAYGGQQGGQGGG,1,
140,RQIRIWFQNRRMRWRRC,1,
141,RRRRRRRRRGPGVTWTPQAWFQWV,1,
142,HEHEHEHEHEHEHEHEHEHEGGGGGKLALKLALKALKAALKLA,1,
143,GKRKKKGKGLGKKRDPCLRKYK,1,
144,FFLIPKGRRRRRRRRGC,1,
145,FFFFFFGRRRRRRRRGC,1,
146,CGNVVRQGCGYGRKKRRQRRRGTALDWSWLQTE,1,
147,CHHHHHRRRRRRRRRHHHHHC,1,
148,GLWWKAWWKAWWKSLWWRKRKRKA,1,
149,WWWWRRRRRRRR,1,
150,RRRRWWWWRRRR,1,
151,RWRRWRRWRRWR,1,
152,DSLKSYWYLQKFSWR,1,
153,KLWMRWWSPTTRRYG,1,
154,RLWMRWYSPWTRRWG,1,
155,RLIMRIYAPTTRRYG,1,
156,RLYMRYYSPTTRRYG,1,
157,KRPTMRFRYTWNPMK,1,
158,WKCRRQCFRVLHHWN,1,
159,RLLRLLLRLWRRLLRLLR,1,
160,GIGKFLHSAKKFGKAFVGEIMNSGGKKWKMRRNQFWVKVQRG,1,
161,RLLRLLRRLLRLLRRLLRC,1,
162,RGDRGDRRDLRLDRGDLRC,1,
163,RGERGERRELRLERGELRC,1,
164,GGGRRRRRRYGRKKRRQRR,1,
165,YKQSHKKGGKKGSG,1,
166,YRQSHRRGGRRGSG,1,
167,GRKKRRERRRPPERKCX,1,
168,EARPALLTSRLRFIPK,1,
169,GRKKRRQRRRMVSAL,1,
170,TPWWRLWTKWHHKRRDLPRKPEGC,1,
171,YSSYSAPVSSSLSVRRSYSSSSGS,1,
172,CSIPPEVKFNKPFVYLI,1,
173,RKLTTIFPLNWKYRKALSLG,1,
174,DITYRFRGPDWL,1,
175,KHHWHHVRLPPPVRLPPPGNHHHHHH,1,
176,KKWALLALALHHLAHLALHLALALKKAHHHHHH,1,
177,RKKRRRESWVHLPPPVHLPPPGGHHHHHH,1,
178,FFKKLALHALHLLALLWLHLAHLALKK,1,
179,KHKLLHLLHLLALLWLHLLHLLKHK,1,
180,CASGQQGLLKLC,1,
181,VKRFKKFFRKLKKSV,1,
182,KKKKKKNKKLQQRGD,1,
183,RGDGPRRRPRKRRGR,1,
184,RRRQKRIVVRRRLIR,1,
185,RRVWRRYRRQRWCRR,1,
186,RRARRPRRLRPAPGR,1,
187,LLRARWRRRRSRRFR,1,
188,RGPRRQPRRHRRPRR,1,
189,RRWRRWNRFNRRRCR,1,
190,HSDGIFTDSYSRYRKQMAVKKYLAAVLGKRYKQRVKNK,1,
191,MAARLCCQLDPARDVLCLRP,1,
192,YGRKKRRQRRRGLFGAIAGFIENGWEGMIDGWYG,1,
193,RHHRRHHRRHRRHHRRHHRHHR,1,
194,RHHLRHLRRHLRHLLRHLRHHLRHLRRHLRHLL,1,
195,RLHHRLHRRLHRLHRRLHRLHHRLHRRLH,1,
196,LHHLLHHLLHLLHHLLHHLHHL,1,
197,RLHLRLHLRHLRHHLRLH,1,
198,AEAEAEAEAKAKAKAKAGGGHRRRRRRR,1,
199,RFTFHFRFEFTFHFEGGGRRRRRRR,1,
200,FQFNFQFNGGGHRRRRRRR,1,
201,RHNFRFFFNFRTNR,1,
202,KLLKLLLKLWKKLLKLLKGGGRRRRRRR,1,
203,HRLRHALAHLLHKLKHLLHALAHRLRH,1,
204,HALAHKLKHLLHRLRHLLHRHLRHALAH,1,
205,LAELLAELLAELGGGGRRRRRRRRR,1,
206,ACSSSPSKHCGGGGRRRRRRRRR,1,
207,RLALRLALRALRAALRLA,1,
208,CGGGARKKAAKAARKKAAKAARKKAAKAARKKAAKA,1,
209,Biotin(O)GGGGRRWWRRWRR,1,
210,FITKALGISYGRKKRRQRRRPPQ,1,
211,GWTLNSAGYLLGKFLPLILRKIVTAL,1,
212,GWTLNSAGYLLGPHAVGNHRSFSDKNGLTS,1,
213,KLALKAAAKAWKAAAKAA,1,
214,KITLKLAIKAWKLALKAA,1,
215,KIAAKSIAKIWKSILKIA,1,
216,KLALKLALKWAKLALKAA,1,
217,KLLAKAAKKWLLLALKAA,1,
218,KALKKLLAKWLAAAKALL,1,
219,KLAAALLKKWKKLAAALL,1,
220,KALAALLKKWAKLLAALK,1,
221,KLGLKLGLKGLKGGLKLG,1,
222,KLALQLALQALQAALQLA,1,
223,ELALELALEALEAALELA,1,
224,LKTLATALTKLAKTLTTL,1,
225,LLKTTALLKTTALLKTTA,1,
226,LKTLTETLKELTKTLTEL,1,
227,LLKTTELLKTTELLKTTE,1,
228,RQPKIWFPNRRKPWKK,1,
229,KCGCRWRWKCGCKK,1,
230,KMDSRWRWKSSKK,1,
231,KMDCRPRPKCCKK,1,
232,GRPRESGKKRKRKRLKP,1,
233,RKKRRRESRRARRSPRHL,1,
234,SRRARRSPRESGKKRKRKR,1,
235,VKRGLKLRHVRPRVTRMDV,1,
236,SRRARRSPRHLGSG,1,
237,AYRIKPTFRRLKWKYKGKFW,1,
238,VNADIKATTVFGGKYVSLTTP,1,
239,GKYVSLTTPKNPTKRRITPKDV,1,
240,RSVTTEINTLFQTLTSIAEKVDP,1,
241,AEKVDPVKLNLTLSAAAEALTGLGDK,1,
242,GLGDKFGESIVNANTVLDDLNSRMPQSRHDIQQL,1,
243,GDVYADAAPDLFDFLDSSVTTARTINA,1,
244,ARTINAQQAELDSALLAAAGFGNTTADVFDRG,1,
245,ADVFDRGGPYLQRGVADLVPTATLLDTYSP,1,
246,LDTYSPELFCTIRNFYDADRPDRGAAA,1,
247,HHHHHHTKRRITPKDVIDVRSVTTEINT,1,
248,RTLVNEYKNTLKFSK,1,
249,IPSRWKDQFWKRWHY,1,
250,GYGNCRHFKQKPRRD,1,
251,KNAWKHSSCHHRHQI,1,
252,RVREWWYTITLKQES,1,
253,QQHLLIAINGYPRYN,1,
254,RLWMRWYSPTTARYG,1,
255,KSHAHAQKRIRRRLIILL,1,
256,RQGAARVTSWLGRQLRIAGKRLEGRSK,1,
257,GRQLRRAGRRLRGRSR,1,
258,GRQLRIAGRRLRRRSR,1,
259,KLIKGRTPIKFGKADCDRPPKHSQNGMGK,1,
260,KRIPNKKPGKKTTTKPTKKPTIKTTKKDLKPQTTKPK,1,
261,KSICKTIPSNKPKKK,1,
262,KPRSKNPPKKPK,1,
263,DRDDRDDRDDRDDRDDR,1,
264,ERERERERERERER,1,
265,WRWRWRWRWRWRWR,1,
266,DRRRRGSRPSGAERRRRRAAAA,1,
267,KRPAAIKKAGQAKKKK,1,
268,TRRSKRRSHRKF,1,
269,FVTRGCPRRLVARLIRVMVPRR,1,
270,RVRILARFLRTRV,1,
271,VIRVHFRLPVRTV,1,
272,MVRRFLVTLRIRRACGPPRVRVFVVHIPRLTGEWAAP,1,
273,FRVPLRIRPCVVAPRLVMVRHTFGRIARWVAGPLETR,1,
274,GTKMIFVGIKKKEERADLIAYLKKA,1,
275,RRRRNRTRRNRRRVRGC,1,
276,TRRQRTRRARRNRGC,1,
277,KMTRAQRRAAARRNRWTARGC,1,
278,KLTRAQRRAAARKNKRNTRGC,1,
279,NAKTRRHERRRKLAIERGC,1,
280,MDAQTRRRERRAEKQAQWKAANGC,1,
281,TAKTRYKARRAELIAERRGC,1,
282,SQMTRQARRLYBGC,1,
283,KRRIRRERNKMAAAKSRNRRRELTDTGC,1,
284,RIKAERKRMRNRIAASKSRKRKLERIARGC,1,
285,KRARNTEAARRSRARKLQRMKQGC,1,
286,KCFMWQEMLNKAGVPKLRCARK,1,
287,GLWWRLWWRLRSWFRLWFRA,1,
288,AKVKDEPQRRSARLSAKPAPPKPEPKPKKAPAKK,1,
289,PLSSIFSRIGDP,1,
290,PSSSSSSRIGDP,1,
291,VELPPPVELPPPVELPPP,1,
292,ALWMTLLKKVLKAAAKAALNAVLVGANA,1,
293,ALWKTLLKKVLKAPKKKRKV,1,
294,PKKKRKVALWKTLLKKVLKA,1,
295,RQARRNRRRALWKTLLKKVLKA,1,
296,EEEAAGRKRKKRT,1,
297,FFFAAGRKRKKRT,1,
298,NNNAAGRKRKKRT,1,
299,YYYAAGRKRKKRT,1,
300,GKKKKRKREKL,1,
301,FLGKKFKKYFLQLLK,1,
302,FLIFIRVICIVIAKLKANLMCKT,1,
303,KKAAQIRSQVMTHLRVI,1,
304,YIVLRRRRKRVNTKRS,1,
305,RRKLSQQKEKK,1,
306,VQAILRRNWNQYKIQ,1,
307,KTVLLRKLLKLLVRKI,1,
308,LLKKRKVVRLIKFLLK,1,
309,KLPCRSNTFLNIFRRKKPG,1,
310,KKICTRKPRFMSAWAQ,1,
311,RGGRLAYLRRRWAVLGR,1,
312,MANLGYWLLALFVTMWTDVGLCKKRPKP,1,
313,MANLGCWMLVLFVATWSDLGLCKKRPKP,1,
314,MVKSKIGSWILVLFVAMWSDVGLCKKRPKP,1,
315,LLGDFFRKSKEKIGKEFKRIVQRIKDFLRNLVPRTESC,1,
316,RVIRVWFQNKRCKDKK,1,
317,SKRTRQTYTRYQTLELEKEFHFNRYITRRRRIDIANALSLSERQIKIWFQNRRMKSKKDR,1,
318,EKRPRTAFSSEQLARLKREFNENRYLTTERRRQQLSSELGLNEAQIKIWFQNKRAKIKKST,1,
319,GRRRRRRRRRPPQ,1,
320,TSPLNIHNGQKL,1,
321,GLLEALAELLEGLRKRLRKFRNKIKEK,1,
322,CVQWSLLRGYQPC,1,
323,VRLPPPVRLPPPVRLPPP,1,
324,VHLPPPVHLPPPVHLPPP,1,
325,VKLPPPVKLPPPVKLPPP,1,
326,ASMWERVKSIIKSSLAAASNI,1,
327,DPKGDPKGVTVTVTVTVTGKGDPKPD,1,
328,YKQCHKKGGXKKGSG,1,
329,GSGKKGGKKHCQKY,1,
330,IAWVKAFIRKLRKGPLG,1,
331,KKKKKKGGFLGFWRGENGRKTRSAYERMCILKGK,1,
332,RLSGMNEVLSFRWL,1,
333,GPFHFYQFLFPPV,1,
334,GSPWGLQHHPPRT,1,
335,AAVALLPAVLLALLAPEILLPNNYNAYESYKYPGMFIALSK,1,
336,AAVALLPAVLLALLAPVQRKRQKLMP,1,
337,MGLGLHLLVLAAALQGAWSQPKKKRKV,1,
338,WEAALAEALAEALAEHLAEALAEALEALAA,1,
339,GLFEALLELLESLWELLLEA,1,
340,CGAYDLRRRERQSRLRRRERQSR,1,
341,RKKRRRESRKKRRRESC,1,
342,PPKKSAQCLRYKKPE,1,
343,DPVDTPNPTRRKPGK,1,
344,KRVSRNKSEKKRR,1,
345,GRRHHCRSKAKRSRHH,1,
346,GRKGKHKRKKLP,1,
347,GKRVAKRKLIEQNRERRR,1,
348,GRKLKKKKNEKEDKRPRT,1,
349,GKKTNLFSALIKKKKTA,1,
350,GKRRRRATAKYRSAH,1,
351,GRRRRKRLSHRT,1,
352,GKHRHERGHHRDRRER,1,
353,GKKKRKLSNRESAKRSR,1,
354,MIIYRDLISKK,1,
355,MIIYRALISHKK,1,
356,MIIYRIAASHKK,1,
357,MIIFRAAASHKK,1,
358,MIIFRIAAYHKK,1,
359,WIIFKIAASHKK,1,
360,LIIFRILISHKK,1,
361,RILQQLLFIHFRIGCRHSRI,1,
362,DTWAGVEAIIRILQQLLFIHFR,1,
363,GYGRKKRRGRRRTHRLPRRRRRR,1,
364,KRIIQRILSRNS,1,
365,KRIHPRLTRSIR,1,
366,PPRLRKRRQLNM,1,
367,PIRRRKKLRRLK,1,
368,RRQRRTSKLMKR,1,
369,MHKRPTTPSRKM,1,
370,RQRSRRRPLNIR,1,
371,RIRMIQNLIKKT,1,
372,SRRKRQRSNMRI,1,
373,QRIRKSKISRTL,1,
374,PSKRLLHNNLRR,1,
375,HRHIRRQSLIML,1,
376,PQNRLQIRRHSK,1,
377,PPHNRIQRRLNM,1,
378,SMLKRNHSTSNR,1,
379,GSRHPSLIIPRQ,1,
380,SPMQKTMNLPPM,1,
381,NKRILIRIMTRP,1,
382,HGWZIHGLLHRA,1,
383,AVPAKKRZKSV,1,
384,PNTRVRPDVSF,1,
385,LTRNYEAWVPTP,1,
386,SAETVESCLAKSH,1,
387,YSHIATLPFTPT,1,
388,SYIQRTPSTTLP,1,
389,AVPAENALNNPF,1,
390,SFHQFARATLAS,1,
391,QSPTDFTFPNPL,1,
392,HFAAWGGWSLVH,1,
393,HIQLSPFSQSWR,1,
394,LTMPSDLQPVLW,1,
395,FQPYDHPAEVSY,1,
396,FDPFFWKYSPRD,1,
397,FAPWDTASFMLG,1,
398,FTYKNFFWLPEL,1,
399,SATGAPWKMWVR,1,
400,SLGWMLPFSPPF,1,
401,SHAFTWPTYLQL,1,
402,SHNWLPLWPLRP,1,
403,SWLPYPWHVPSS,1,
404,SWWTPWHVHSES,1,
405,SWAQHLSLPPVL,1,
406,SSSIFPPWLSFF,1,
407,LNVPPSWFLSQR,1,
408,LDITPFLSLTLP,1,
409,LPHPVLHMGPLR,1,
410,VSKQPYYMWNGN,1,
411,NYTTYKSHFQDR,1,
412,AIPNNQLGFPFK,1,
413,NIENSTLATPLS,1,
414,YPYDANHTRSPT,1,
415,DPATNPGPHFPR,1,
416,TLPSPLALLTVH,1,
417,HPGSPFPPEHRP,1,
418,TSHTDAPPARSP,1,
419,MTPSSLSTLPWP,1,
420,VLGQSGYLMPMR,1,
421,QPIIITSPYLPS,1,
422,TPKTMTQTYDFS,1,
423,NSGTMQSASRAT,1,
424,QAASRVENYMHR,1,
425,HQHKPPPLTNNW,1,
426,SNPWDSLLSVST,1,
427,KTIEAHPPYYAS,1,
428,EPDNWSLDFPRR,1,
429,GLWRALWRALWRSLWKLKRKV,1,
430,GLWRALWRLLRSLWRLLWSQPKKKRKV,1,
431,YAREARRAARR,1,
432,YGRRARRRARR,1,
433,GRKKRRQRRRPPQGRKKRRQRRRPPQGRKKRRQRRRPPQ,1,
434,GEQIAQLIAGYIDIILKKKKSK,1,
435,AAVALLPAVLLALLAPRKKRRQRRRPPQC,1,
436,RKKRRQRRRPPQCAAVALLPAVLLALLAP,1,
437,RRRQRRKRGGDIMGEWGNEIFGAIAGFLG,1,
438,RLWRALPRVLRRLLRP,1,
439,AAVALLPAVLLALLAPSGASGLDKRDYV,1,
440,LLETLLKPFQCRICMRNFSTRQARRNHRRRHRR,1,
441,RQIKIWFQNRRMKWKKDIMGEWGNEIFGAIAGFLG,1,
442,SGRGKQGGKARAKAKTRSSRAGLQFPVGRVHRLLRKGC,1,
443,KGSKKAVTKAQKKDGKKRKRSRKESYSVYVYKVLKQ,1,
444,KETWWETWWTEWSQPGRKKRRQRRRPPQ,1,
445,LGLLLRHLRHHSNLLANI,1,
446,KLWSAWPSLWSSLWKP,1,
447,GLGSLLKKAGKKLKQPKSKRKV,1,
448,YRFKYRFKYRLFK,1,
449,WRFKWRFKWRFK,1,
450,RGSRRAVTRAQRRDGRRRRRSRRESYSVYVYRVLRQ,1,
451,RVIRWFQNKRSKDKK,1,
452,CWKKKKKKKKKKKKKKKKKK,1,
453,AAVALLPAVLLALLAKKNNLKDCGLF,1,
454,AAVALLPAVLLALLAVTDQLGEDFFAVDLEAFLQEFGLLPEKE,1,
455,AHALCLTERQIKIWFQNRRMKWKKEN,1,
456,GLPVCGETCVGGTCNTPGCKCSWPVCTRN,1,
457,RQIKIWFQNRRMKWKKTYADFIASGRTGRRNAI,1,
458,GRKKRRQRRRPPQTYADFIASGRTGRRNAI,1,
459,AGYLLGKINLKALAALAKKILTYADFIASGRTGRRNAI,1,
460,RRRRRRRRRRRTYADFIASGRTGRRNAI,1,
461,TRQARRNRRRRWRERQRGC,1,
462,WLRRIKAWLRRIKALNRQLGVAA,1,
463,DDKTCSMQACN,0,
464,KHQAQGQQTFC,0,
465,CMPTITRMPMPLR,0,
466,HGKVYPQYWVI,0,
467,FMVAPSMGAL,0,
468,AAQMESMPCGC,0,
469,SQNTYSFTYD,0,
470,LVYGYLQGLQS,0,
471,ESPDKYEGFILGMK,0,
472,MPYNWVCLHE,0,
473,IMFKCWYNTKK,0,
474,DYDVMLFFIWDYP,0,
475,SEGIIIWITYIYHN,0,
476,EFQEAHSMFVVH,0,
477,MGHIVTKDKQ,0,
478,CPAEFKAVMM,0,
479,IAKCNGNRGYQGRV,0,
480,LDNALAGDMQNYN,0,
481,GGFVSQITRGVYLK,0,
482,IKFTVVAVYTLHGE,0,
483,DFREVSIGELTI,0,
484,CCIMHWYYTIEVFQ,0,
485,EYNYCGSINE,0,
486,MTLHEAGTSMKSF,0,
487,GNINGMGCWN,0,
488,FPCKADICTDVS,0,
489,QISVRTYGRYF,0,
490,NCSCVNELQPN,0,
491,VMWFETRFFPCI,0,
492,LLMAQHPEKA,0,
493,EEFFLDRWKR,0,
494,QDQSHAGGHVAHIM,0,
495,RSFCWSIYMIA,0,
496,KDAQEGQEMSKKY,0,
497,QGKTYTMIEEKII,0,
498,GQEGFIWLVN,0,
499,GEIFVIIMVI,0,
500,EPCYVDTYFV,0,
501,NLKDDSWWGT,0,
502,EAEQWQWLMKN,0,
503,LKWGYMTAMESHA,0,
504,HWFCKEMAASA,0,
505,RHYYRGQSQPQW,0,
506,THCNLAACREPT,0,
507,RYMPLVITHNDAES,0,
508,ETMQGCIQFTWQQH,0,
509,SLHRNDITICC,0,
510,VKARFEMWKIHHI,0,
511,YLCNYFTHDQ,0,
512,LVCAMIPMQTHFSR,0,
513,CCNIEEKWFS,0,
514,DAKWHMKGINN,0,
515,CNIFPQLCENINWT,0,
516,HIESESWFDYP,0,
517,EQTNMRKHMGM,0,
518,GRNYKKVQGYC,0,
519,WIIQVKVAIKKHL,0,
520,WPRPYPECHPSLTK,0,
521,QYYKNPMVDFRQGI,0,
522,RGLETIFHWY,0,
523,AYDYETPRNDP,0,
524,WWVDENGPVVE,0,
525,IFPTRWDDRLGME,0,
526,VKVPQKNDEQYVM,0,
527,GGMYTRIIEGP,0,
528,TFSEWQWNNQA,0,
529,IQSYCAFQDWFQ,0,
530,HTNKDQSNVQCWY,0,
531,MMYLWVVPYYSSSD,0,
532,KNPCTIKQYAFCN,0,
533,IMAEREFAIF,0,
534,TMFLHGHPNFN,0,
535,QSVPKRLATLRE,0,
536,DSDQQQQFEP,0,
537,RNFMSEVQTLIVRF,0,
538,DLNWSYYTCAHEG,0,
539,PPDGVNIHYQLN,0,
540,VKQCFKHWNIQDG,0,
541,ESHINQKWVCK,0,
542,TTRWHWNACKMMQ,0,
543,HMYLAFPGGVHRA,0,
544,KFPCWPINTHV,0,
545,FDIPMTRWVSRWNQ,0,
546,SWLLLMMPQHP,0,
547,HDPFLAYCGPRNRL,0,
548,TRVSAMPNCA,0,
549,WMIDVYLAECIVEK,0,
550,EEDFIYHQKVPQS,0,
551,IHWIRSKVWLKH,0,
552,TTPINDDWESM,0,
553,PYFMNKERWCVI,0,
554,DIEECESCRKLDHP,0,
555,HCETGAMHALE,0,
556,EVEPLAWYMSWPV,0,
557,CHPERRFQRGCT,0,
558,RQYKNEFQNQTQM,0,
559,TVDVHPGAFDQL,0,
560,EYTMDFARIWWEYR,0,
561,MMWWGNHWCICNF,0,
562,PVMSMPCTDG,0,
563,HFDAYAEHKDLIS,0,
564,FAKDLPDWALEGW,0,
565,FLIQMYMHSGLHDM,0,
566,AINPWSPKRS,0,
567,SDVFFRPGSIEA,0,
568,MEPAAMWTITDI,0,
569,QDRYGNMFETIW,0,
570,NMTPHVLMRLLDF,0,
571,EVQLNKLFIPTQ,0,
572,MKWNTYPIFP,0,
573,CHCEVFENDQR,0,
574,LCSAMDYFIA,0,
575,YTIGTAPISYDG,0,
576,QVEAHRLHSIRDNQ,0,
577,KGNSDLRCQFTMGF,0,
578,KLQQTRSTQTCE,0,
579,VENCVSTGLCG,0,
580,LHKWDVQGYNDP,0,
581,IQPSEFALLLP,0,
582,ANNIQTIVSFC,0,
583,CIHGYQKIKDAV,0,
584,KCWIEEYFALKQPE,0,
585,LGWSRSYPDAQDRH,0,
586,ASCEYTQTTSRH,0,
587,LAFNKKMSTR,0,
588,ADSTNHLSNRTGVFCVV,0,
589,DWCWWKVLYTVVRTLSCD,0,
590,EHHQVQCTKARSMFHTA,0,
591,LGMNIPNIKTFEKARCMQ,0,
592,FGIHSPVNWLANARF,0,
593,CNNKRFNECWPEDFWLGN,0,
594,PGCNEISNKLLIKFFATPH,0,
595,QRQTHMVTHLAKQMV,0,
596,TNFYLMVPMYFTSSDCNLQ,0,
597,TDMMGRRWPTCQEMTSTK,0,
598,YACTWTGSMSERYVVR,0,
599,MCVNSDVNQWIDLRPPAMS,0,
600,CWGDFGCWIIWQSNPCEQ,0,
601,SMMRGVYSWFGCQWHNML,0,
602,MRVCHIYQADYKDGDAHDH,0,
603,YKYKKRQFFMDVRWF,0,
604,YAFYPWQWGCRDCQQS,0,
605,GQGFDDMMSICYIAMLC,0,
606,NTFTEALNPPFKEMLS,0,
607,MMVKEELDFSETQIKRN,0,
608,GWWIHGQGSYVPCIT,0,
609,LWFQMGRNDATDWIRN,0,
610,ELMRYSEDYAWQNFDH,0,
611,LHPAKLAFFGIMMTCEKM,0,
612,SSKLHCQVGDLQYKMPF,0,
613,TTHDDACIQYLMELNPDIV,0,
614,PRAVHKPFIHYDKPMWYT,0,
615,CAQAEYSRIWYDTLIE,0,
616,NALDVKVQTWVLLNDFN,0,
617,LPRVMCCPGVSLMRFMQ,0,
618,ARIVSNTTMWSVHLHMEW,0,
619,RWAGRFENIEWAQPEH,0,
620,PRRTNPDRDNKQPGWPGL,0,
621,KQMTASMTRFEVCNVANQ,0,
622,AIWQHLDLYSECKCGFSI,0,
623,TIEDCFSMASRIIKCYHP,0,
624,MLHGENHANIRWCYT,0,
625,DHRYNFQNHMHSDFAYMY,0,
626,AELQCSVYKNTRNHDTDV,0,
627,LATRPEKQKDPEFDKE,0,
628,ANSVKVDLTDKYCKEWQ,0,
629,QVHMEKNNIMMPDNKWGYE,0,
630,NANHLVGQWEHMWYAMFQA,0,
631,TYIMPMEDKTTCCGPM,0,
632,PFGFNGSRGDLWVGVHGSV,0,
633,VKRIVTYNLGDMRSNPQGP,0,
634,IQIDDESNPLSPGVNDLH,0,
635,YCTDGWNQEGIHRANH,0,
636,MNKAYFCGCMCLSDKLQ,0,
637,DLHHPQPEMFLLMTISD,0,
638,SPYENYKCEYQMPRWLEDE,0,
639,PWTEDQIVKAMMFFN,0,
640,SMARMQSEANVYWETD,0,
641,NHDKSKNRKPKQTNST,0,
642,FEGYFTREYFFVQVEMPIY,0,
643,FSGQFEKYYVPHVVE,0,
644,GATNSLQTWNMDRVL,0,
645,DCHVHMWSDYFDFMFK,0,
646,NCINGYAVRADQDFLA,0,
647,MCFYMEDQVCNTCVQTVEG,0,
648,HINETEIMPLHIPMETRS,0,
649,RDINNLPWNEVQQYN,0,
650,HITSHGKYQIHPFHL,0,
651,EFDTAMNFIIANVQGL,0,
652,FGFMDSLITFLALEFCCFI,0,
653,QLWDHSLTLNLTSTVTG,0,
654,VGPMKSPMGTCGSRGDGAL,0,
655,DYHDIKYKPSIFVIKVY,0,
656,QYCTPNRDYQNTDAT,0,
657,TIYQKATGHVQAKIPPL,0,
658,FNVWTEYEGNRAEFH,0,
659,KRNWRLWLGPPVIHVGI,0,
660,KIAWTPPMLQCTYGDWN,0,
661,ETCRYDSEVPSCNMS,0,
662,NRRPWRMNDPMSWGHN,0,
663,MYEGSYMSAMKPIDH,0,
664,WDIINWSDPWYACNYDSW,0,
665,LNESMAKKNQGRPELGT,0,
666,QACCEHIQEMFGSEIFCAS,0,
667,KCQHRTPWKSFHKMFCQ,0,
668,PTMELGVRIDWIQDGCQ,0,
669,HSMNGLLNWSDGYNLKM,0,
670,PCELHIVEGCFGNDM,0,
671,GPSKESRATQNPSNVC,0,
672,MSVNMYRSSNNILCWYV,0,
673,DYVKHSDTFQDTREAT,0,
674,KCPDRERRMLMRWCM,0,
675,WLQQYSEDKDCAIHFTSC,0,
676,PQGFTEKNNLTYCAFSL,0,
677,AWQCYKCRQDICWQSSKIN,0,
678,HEAHSTYWFHGKYCFN,0,
679,NNLCVMRMDMSDWNF,0,
680,LVYPIDIVNKAVNLYV,0,
681,PGYKSWYDGADVQTL,0,
682,FGEFGVDTQTCTWQFTR,0,
683,FHMQRNWEGWERGAW,0,
684,DNLDLIVFKYQVNWYFSF,0,
685,NQRRCSVSVQLCMYYTLV,0,
686,DWFNLIQYDMFWDLADCES,0,
687,SSCHRTMFTITLVDGWHQ,0,
688,DKTDMDQCVNCIEQDW,0,
689,NLRSIDEAEMCVHHNGLQI,0,
690,MCWTHKIQRDKFECEFWRP,0,
691,IWWEEVSKRTGCRGYEI,0,
692,GFDPLNSGIMHTVKNAAL,0,
693,KCVINNEHDCNYELLR,0,
694,KPRADLTCWEHWVAKKFLC,0,
695,TMDKAFMICVEISWGIFN,0,
696,IMLRKFKCSEVPCWNS,0,
697,NWNCIVMAPMRMHRGVLP,0,
698,VQDKRWIQSAYTSIPEMP,0,
699,FKPLPKPETNRYMWVSH,0,
700,NTWVNKEVPWELKMN,0,
701,GEQWEYNHVSAMFNM,0,
702,NHKNFNKQAYPLWKNQV,0,
703,VRANRHMRLWNLFYSGKM,0,
704,WVTEIMATPQQPPPMFI,0,
705,IDRYMKWRPIQNSLIA,0,
706,DGQVCKKEKQKSEDYEEN,0,
707,KSVIRYSLANHPAIRRD,0,
708,ACCMWVKEYMIHPYNELV,0,
709,KQDLKVMGHPQESFNVF,0,
710,AIRFDAQCTMMAYTFREY,0,
711,CQTRYNLAPNAWAKV,0,
712,IAQSHPQRNDGDFTPM,0,
713,QHQEYMPNNVSTNGWP,0,
714,CEFGNDVHVIHQSYFPM,0,
715,VRVQMCSRMRHNHIGHERY,0,
716,HSCKSQFSYIDRDMITGGT,0,
717,MSAWVLTQWQIDLCGQEIS,0,
718,GMGGMWSFIHGMTRWLAEG,0,
719,GAVESAAAQPVSTIV,0,
720,YEESCPDIEWEQGYIK,0,
721,FRVEFCEYGAHPSIH,0,
722,CKQNVLHPNKHCKCNSE,0,
723,IWRTCQDWWEIFEGW,0,
724,NHKSLWSHDTQMCLDDTL,0,
725,LDRQLSWNQTEWWRLCPFQ,0,
726,FMVWEFHGNDWARRH,0,
727,IFWCATRLDYSMHLI,0,
728,CTWLGARMRWQNDQKND,0,
729,ATHTDKWFIAWWKLKGLL,0,
730,VIIYHCWTWCDNLMVKL,0,
731,VLAAVYYYITLLWIDSIWCKW,0,
732,DFFYAKLMVEEAFMLHWVKDM,0,
733,CVMFLSFTMHLMFGSCLEWWVNL,0,
734,PHQPFWFFAHCGATQLRMNGYEWW,0,
735,CCGPEVCFDCELDKDPLCCSGAKW,0,
736,AEVQSGMLNAPMENFMIHHYNMD,0,
737,MVGFPYWKAYDLVMWGLMRH,0,
738,PYHRKWFLCYFLGGGAGWCWPQ,0,
739,IRKFAQQIPVKEGTWQMICEM,0,
740,ACVNKHMQGMNDSFETIDPYWI,0,
741,QSNHKSVAATSISTWGESGSSEI,0,
742,GKLGWMITKRRIELTMYSHYR,0,
743,MPHAWEHPVWGTTCYNDHWLMF,0,
744,AYIFHPRKRPKENWMVAHDRDC,0,
745,KGTLHNECPEMFPELERFLWTNK,0,
746,KFKYHAERVGINGKHEMITP,0,
747,CMEEPLLYECLIIPLGDFLL,0,
748,VPAKKDKYHGWWATFPSPSFVY,0,
749,NFHKCTCKVKSIANTAEEVRIP,0,
750,PSKCSVNIEKSLFFMHAQAY,0,
751,NTIPVRPYNPVFENWPQDWPM,0,
752,NVPRMYYFQYYGLKTCTWAA,0,
753,NDYMEHMCQGAFILMRAVHRM,0,
754,FIMATPNPIFGKHQYMSEMPPETH,0,
755,NKQWWWAVMARTDETTLNPGDQ,0,
756,LVRPPQDSHPVEIMKKTLGNF,0,
757,DAFQHVQFNHLTVYNIDHYFS,0,
758,CRDRCVWQTTCVTCGNPAVKDQ,0,
759,CGFVIATVWHQTYARDANREPSAA,0,
760,CSFWIGHEPSNIFSNTNETTFSCH,0,
761,ENKCMDEDPHPMGQRERNRKNTTS,0,
762,VYCNVCFHMTRHGPLPVMSGGNM,0,
763,TGWERFPSYVRDFGYSGGLQ,0,
764,QGVTYCYTWHGDFRNPCLFC,0,
765,CHHEFRNVWVFLGEMPFILKGQWL,0,
766,SNRNEIIMNSAHKTHVDCRWEQK,0,
767,RWCKDGGVDNAQKKCVFMHYF,0,
768,IHRYFRFYWLTDWDEDAYHG,0,
769,RGRTAKESPLAFKMQEVPDPCRYA,0,
770,FQLNYKKFTSEMRAPKHDDSMKP,0,
771,FLQTPLIDSISQTVTPLVCW,0,
772,YRAMKDQKVNGAPMNKRDPCSGM,0,
773,LIPFDFVRCLNLSYKTKAYDYPM,0,
774,CPNSLHMRTMKEEKHEQVDYMSAF,0,
775,YEKERNENAKHYQPMFMRSWH,0,
776,RAHLWTLNEWRWEFCPKCCQFVN,0,
777,LQMIYHQKQFMQYSQTPGEMSG,0,
778,DTEPFNIKREESPDCPDRLMHGRW,0,
779,PTVSPPEDSHTCVCFHQDNCTQC,0,
780,FWSAFYVNLVQLCWKLGNEWATEA,0,
781,CSRRNHVCAYEFDQHCFLFGKTEH,0,
782,VDHDRHIIKHLKSGCIGCIDASK,0,
783,EEEILEYVWACIIGCSGAYQHK,0,
784,HKHLNSYPQDRGFRYNCKSC,0,
785,STNQAWELQNSMWEWSELMHCG,0,
786,RLGTRCSVCMLHAWQGGKQVDE,0,
787,FSLHRYMAWFCPWTGAWLMLD,0,
788,CLAITLYDDKTPASDPTICTY,0,
789,SQWIIMQVLTACTVTHAWPIRG,0,
790,IGFPDKKMQEMGYYYYDCNAS,0,
791,VTRPRRRQSDGFPTCQGPRRE,0,
792,QKHVEDTFVTFSPTDKFYKKR,0,
793,PTDHFIDVATYRSQEWRIAEYLG,0,
794,GRHAFWTPAYMHHNIHKACGN,0,
795,DLFLSFDLAHAAFWTMNYIDEK,0,
796,GIGWARCLMMHHANHCTKHAH,0,
797,CLAYVWATPYTSNTESRRGNSSDHKQ,0,
798,SWEQRNCQMLMNVCNVNRRKGCLGGGRK,0,
799,FMRDLMIFTDDAANHREYMKAFSTRAVIY,0,
800,AWICGNMTCGHANMPYMAIYGFAVLSW,0,
801,AWMQLACFADVDTRHGYMHLMEWDDVYHY,0,
802,WTFQVCSMGAWYNLGINAAKVNAWLVL,0,
803,AYTWTGWDPCWSWHCHMRFLKEESHES,0,
804,PMIKFVIMNQCLVGFPLCLHKCPVFAH,0,
805,GKGIHFSWNHMAQDQRDNKIEIKNKR,0,
806,CYVQLFTRDKAVTENKYNFKIVQWYPMV,0,
807,YGDLQNGFMLFCKIWELDWVAGSAFYQD,0,
808,LGAQNCLLVKHLVAQLDGDQDDQGTKDSL,0,
809,WYVFADPVVAAGRDHCELSSDKWPSYN,0,
810,YQDIRGPTKMEITNNCHLHKCSPKTH,0,
811,QMWWYMFFEQLHCCGGFWAQIADAHTT,0,
812,YYFCMEEWQLERSLMWWNYKPLNKNMRN,0,
813,PQTDEQTTQKSYFNCHFEYIILWSIHAP,0,
814,HYYQSMKDIIAMMITLDKPHIGARN,0,
815,TNAPSVVLGGLQGISDSHQYYWHEC,0,
816,ENRQSIWVTIMEARKNKATLHDYMSVPQW,0,
817,HAAQNKYPASWKWVRHWNQVEVVHI,0,
818,QPWIFYVMKEWGVKSQAGESTLTEY,0,
819,DDAYFDSIECVGHCERLQMCIWSSWYYG,0,
820,HNSEIYMCWASTDIDLQTNRCGQSI,0,
821,IAFSMHPGCWGHYKFLTWLDHQYKIQLQT,0,
822,EMHKLPILYYIPASMGSLTYAVHRCKKS,0,
823,SCKQGDVVKKNFPMQCPFACFAMVEFVG,0,
824,SLPPKLEAYNLMKFTAVGSIRYCMTTS,0,
825,IAYNEMLLANVMPDRPIPGDNYHTFN,0,
826,HDHHLPEGNGEIMYKLIWCKKEANPGE,0,
827,GHTTCTPTSYENKYWYRYEQEPADDE,0,
828,KIYGFLCVCSMCSSCTKPYAYEKHGLRP,0,
829,CSFYMMMGYRLHYTWLAAITVLHMYHVVA,0,
830,CYESMACWHHMEKNVLYERHLSQWLP,0,
831,PWGYIHHPVIFGFFSLDAEFRTFPKC,0,
832,VFGKHWAYMRNWGWHKHTGALANHVN,0,
833,YVNMCRCDRPHDSFCPTHWFARYLNRC,0,
834,YIEVKTGGVTLILTKRIYAYLQHQGSNF,0,
835,NANQWPQWNQICMTLWVVVGSWPDS,0,
836,GDKYPAPSGVPQHMCPNEAMPDCSAESS,0,
837,VDKHCMGSWMSTCGNFEDNHTQEMG,0,
838,LNNVERSMWKWLKVACKECCYACVH,0,
839,YWNVKTLDEKAGFPKEDYVKIGDCYCQ,0,
840,VSVYVFVFIDWHIRPKCHSCQIFQCIWRN,0,
841,ETCMRINPASMSITKFTHESCSHYYE,0,
842,RNTQPIPSHSWISRSELVRMLVDDEQTY,0,
843,KQEIKRHKLEQPSLLGQFKEADTAS,0,
844,RMMDDGRMIHMLNKRWVTVWCETQYC,0,
845,IIQFCNCSMIKSRPWFCEKNSLDPPYS,0,
846,HIQLPCFTFMGSFQAYDHALRDRVIWT,0,
847,WWYVAMKASMQGWTFCMSCNELTRHDQYE,0,
848,MRDVFMHLWYNKSIEFAYVRAKIEP,0,
849,KLIWVWAYDIWPPREPMKSFAPMCLD,0,
850,VIQQKTQFPIDKSPQQIPMMYGVEWPMWN,0,
851,DNCCWHCKYRGHWYQHGEFNCFRLSL,0,
852,NIGHCNWWSNWNCFPINEEDLECASWKRR,0,
853,YLQTYTMDEIPYLFEQMWAVKEGFHS,0,
854,QIGFLNVTCKKSINANAEESLEADY,0,
855,ADWHDVKNPRLMLPDFGAHGEYFTVKNGH,0,
856,EWYYQGYTTILVCFANQCFGHSIIGFDLP,0,
857,YHARAFGSVKEAINYQLYAFRPRKEIFMCGN,0,
858,KGPHTLPKCMYPIYGSSLYKGEHYHAWFPPQLY,0,
859,GRRRCVFPHEKYAIGGLYCNNKSGDVGGPI,0,
860,WCPSDMMPAVYVNEGHESKDKNQQMCKAMWNSET,0,
861,HESRQHKPTTKQVQICIETEAYCECNPAGF,0,
862,MDHRVMWFYRMRLTHASNTDWWNKTITAYYWWT,0,
863,NDSRHCRLLEGGLNEVNAQTVFQLQFFNYRNE,0,
864,VTMSTEEFFYDADTNTKLLPDWESLSHPSYIMY,0,
865,KRMWFVNFIRHKSCWMTIKYWSIMRIHNCR,0,
866,TGQITNMPNVKWTCHWGGCWFHAMVALKFASL,0,
867,FDPFTFRYAIFFKNEQTWGIEVFYKSGQQDKSAH,0,
868,ILCPMGSNEETCQTMDIRKGWRIARWYRAYGC,0,
869,FAYFDWHMPLPCMGMLCCKGHPIWAKQTLPH,0,
870,RGKNENCITNPPDQRLHCLYKIMYSLVGWDLAK,0,
871,AIHYDSIHCVMQRAANEFLIDETDHGVDQNLQV,0,
872,TTMQVGDCSFQNDIGWQMNNETDWGWNTCNDKVC,0,
873,VVFAQDCTSIRMYWHTMCEHLESSESFLWLNC,0,
874,ILDICDHHGWNCYQKAYGDTIFPKEGAETPCWLK,0,
875,SCMNTWLQMQSGNQHYIGRMVDYLYYDNSMRND,0,
876,DTSQHFHWPSQTCFHGYEWNAVYVEQWHPPI,0,
877,SMEKWNVICHNTHGERPTYKQMKDKKMNIKFR,0,
878,YPRQLDDVVDETVISIMIDTQNWGIRLGCVMQQG,0,
879,GCVMDVKGKCLMWTTTYDWWSFGDEAKCGSCE,0,
880,GNTAWNGNEAFLLVICIKYILDIIGYKNMSLSKE,0,
881,EVTMGEHPTAKIAMKDTNCPGLQPLFFPKNMD,0,
882,VAKLWTTIPTYWCHDRPCMFSYSCWWWVMHYIQR,0,
883,RHDGIYQCGYRGNNDLSIYQQVPQPIWQRWKIA,0,
884,CNGIQWNPVPPVREHADPTGVPKNPRNWMQCG,0,
885,IMIFETYNNMMPYQIDFIVYHNTYHTNEMRWQET,0,
886,ECNDYTSVPHTFTVGLNPDFMSINNFEAPWWV,0,
887,DKSFLVDFNKNFLHEDFPWKQMGGTFMSHLR,0,
888,QNMRNLKGFMCDEGEKFAADPTQSQCHDLTYFML,0,
889,DMDEETFFDQVKWSLWATQCITKFQCEPEAKDFKCEL,0,
890,GQWCGGRHRYEPCHHPEAQWHQDACWQVNKKWYQLS,0,
891,DQIDPTRSEGVARFEPDCQGCTPRWPACVKMYKKEV,0,
892,WMSYRWGRKDQPQKWEFNPENMPYFNGDKWSSMEPENW,0,
893,VMGNRSHVDQRPVKTTDTSSETQQYFRMAMISDIT,0,
894,GPSKTNLDLNNHPYDDPSDYYESVRVVTVKGGPIYN,0,
895,TEVAVEMITDAHLQYPISKIFDGRSMPPYSNWATQMA,0,
896,FCNVANQAYKQSHQCYCMAPLTKPAWGGMMNMEYSFIYY,0,
897,AEIMQPPLLNGFRPRRDLCVIRDRGCAPIAWHLVWT,0,
898,TQLSAQHWSVVNYMMKAYACMALAPTKSDMLERWPDID,0,
899,QAEQVGTYHKMLFIGGRCLMKGDKQILFPAVREEHWS,0,
900,YYAKKEMYGYWTHGVGCTWVGYTQKYQYQQLFVPNM,0,
901,HQCANHKKKIMMWSQKLNDLHRYDLWGGICSDAMMQLSP,0,
902,VNWIVHGMHFAAGQPIKCIAIKRSKGRWTANRRRTLGA,0,
903,THPRKFYLVIGEQWSANCGFSLGNTMMEVPFEYMWP,0,
904,YFMHYCFATWYSPPSGGHSCMDFMQMVKQAAGIDQETRG,0,
905,KGPVIWSNVFPRQYWCGFEIRSGMQQNPWLIFCEDKTG,0,
906,TSTAIFFKTGYMEIYANDAYRNTEPKAFPEVANRVHL,0,
907,YLCHDWLQNPKKDLWYRGAGQIDESHSQMVWRKPCTEIQ,0,
908,NLELAQGDDAQQVNAFHCNKCRHGVHGHIVIIVNIILE,0,
909,PYMVCWTMGMPKYQSWPTKEMKSSRMLTSKPCFPN,0,
910,LHFLHKAWDSMIPKGTHWPIQMQCRYLSDCHVKKHNEHG,0,
911,CNDWQTKDYMIALLFSFNNYAKWPLKQLIVPTLKILW,0,
912,IVDWNYNIMNDDDNKTYGSSLQIKSPDQWVEMDWE,0,
913,HQKKHIEEMENLTVKDQQRMMYCTPCNNKEYWVATYLM,0,
914,MKYLHDQWLTPEFRYYWIKVSWTLWKFSHKLSEMIL,0,
915,GEHCFYVPMHDGTGKMTSTAFLIGYCEYHPIQHDDYMACHVNFQ,0,
916,HRDDGYWTKSGGGAQDVNQGLLDSASNMMSMQNCYIHPKNN,0,
917,FYLRWESRDFYKNIPSCTENKGAQSMRNGYEQIAHPTNHIWMYM,0,
918,DAMHDTEETHHMLDKVSRELFLTREMEAGCELFKHMIPAPMRF,0,
919,KYLVWPFNRSKAKYTWSYPMDWVSHTVMIFIASNDYMGKLC,0,
920,QLEINNIPCKICIIVIGPCWEERTGTTQERPSEAKHDIWYKTNQQGARH,0,
921,MFPWDQNCSCFRKRHVFMCKEYRYQVDPRCMHDIYHFSSFWDSMDMVLV,0,
922,RCYYNAGSVDACCLKCWQWGASCWNQLRLPCKGVSPNCCNSTARERSEKMSV,0,
923,HRYCVCFYFYAFMGTMTKFLMVAPTFEFCLNLAIFPNLFMHMSVDCIEDCARPIVA,0,
924,AYKFSYLLARINTNNQCLEWRKQESDIVIDCWVFFHYIVSRSVCWKIYERRTWIGSPM,0,
